Job Title,Company Name,Location
Data Analyst,,Hobart TAS
Data Analyst,,Remote in Parramatta NSW
Data Analyst,University Of Technology Sydney,Broadway NSW 2007
Data Analyst,NSW Government -Transport For NSW,Temporarily Remote in Macquarie Park NSW 2113
Data Analyst,ACT Government,Canberra ACT
Reporting and Data Analyst,Peter MacCallum Cancer Centre,Melbourne VIC
Data Analyst - Adelaide,KPMG,Adelaide Region SA
Data Insights & Analytics Analyst,Telstra,Temporarily Remote in Australia
Junior Data Analyst,,Sydney NSW
Data Analyst,Commonwealth Bank,Sydney Central Business District NSW
Data Analyst,Kmart,Remote in Mulgrave VIC
HSEQ Data Analyst,John Holland,Melbourne VIC 3000
Data Analyst,Alfred Health,Melbourne VIC
Junior Data Analyst,TabCorp Holdings,Brisbane QLD+1 location
Junior Data Analyst,Affinity Education Group,Brisbane QLD
